reference;libelle;marque
o4OI1-N;Integer;Sagittis Duis
AL-51GUb2;Nullam vitae diam. Proin dolor. Nulla;Primis Corporation
TN-31KTm2;ac turpis egestas. Aliquam fringilla cursus purus.;Primis Corporation
ee+63_H8;amet, consectetuer adipiscing;Nec Ante Associates
XR-21MEe8;Integer in;Primis Corporation
u5IE8-L;quam;Sagittis Duis
e9OI1-P;hendrerit. Donec porttitor tellus non;Sagittis Duis
DV-94GRt3;quis urna. Nunc quis arcu vel;Primis Corporation
e2EE8-Y;pellentesque a,;Sagittis Duis
xi+24_F5;dignissim pharetra. Nam ac nulla. In;Nec Ante Associates
iQ5NZ77;enim nec tempus scelerisque, lorem ipsum sodales purus,;Pellentesque Foundation
eS0KW76;mus. Donec dignissim magna a;Pellentesque Foundation
eu+45_I8;eu dui. Cum sociis natoque penatibus et magnis dis parturient;Nec Ante Associates
i2EE6-Q;Phasellus vitae;Sagittis Duis
QC-07POu7;pretium et, rutrum non, hendrerit id, ante. Nunc mauris;Primis Corporation
UJ-31WQp5;nisl. Nulla;Primis Corporation
zv+22_F4;Nulla aliquet. Proin velit.;Nec Ante Associates
PK-58EMe7;feugiat. Lorem ipsum dolor sit amet, consectetuer;Primis Corporation
de+13_K3;vitae erat vel pede blandit congue. In;Nec Ante Associates
a7OE1-Y;a mi fringilla mi;Sagittis Duis
GG-82XXq5;est ac mattis semper,;Primis Corporation
o5IO8-R;sed tortor. Integer aliquam adipiscing lacus. Ut;Sagittis Duis
u2II0-W;Cras vulputate;Sagittis Duis
DU-29CKi4;dolor. Donec fringilla. Donec feugiat metus sit amet ante. Vivamus;Primis Corporation
ng+12_T2;laoreet ipsum. Curabitur consequat, lectus;Nec Ante Associates
iQ7QH31;inceptos hymenaeos.;Pellentesque Foundation
GH-34HAg2;neque;Primis Corporation
WG-96ESk6;nonummy ut, molestie in, tempus eu, ligula.;Primis Corporation
lp+73_I6;arcu et pede. Nunc sed orci;Nec Ante Associates
o9EI8-Q;Sed auctor odio;Sagittis Duis
i7AO8-C;nunc sed pede. Cum sociis;Sagittis Duis
fc+37_F6;sem ut;Nec Ante Associates
CJ-18UIi5;lobortis quis, pede. Suspendisse dui. Fusce diam;Primis Corporation
co+33_U1;enim. Nunc ut erat.;Nec Ante Associates
NN-38SVv2;tellus. Nunc;Primis Corporation
u2IU9-L;eget metus eu erat;Sagittis Duis
cy+37_G5;nec, eleifend non,;Nec Ante Associates
uU3MJ79;dui quis accumsan convallis, ante lectus convallis est,;Pellentesque Foundation
o9UA7-V;quis urna. Nunc quis arcu vel quam;Sagittis Duis
HY-41OLd8;amet ante. Vivamus non lorem;Primis Corporation
o3IO3-D;tincidunt dui augue eu tellus. Phasellus;Sagittis Duis
a3OE3-T;Nullam feugiat placerat velit. Quisque varius. Nam porttitor scelerisque;Sagittis Duis
o4EO3-V;a mi fringilla mi lacinia mattis. Integer eu;Sagittis Duis
JD-53BFv6;enim. Etiam;Primis Corporation
e5EO7-U;eu arcu. Morbi sit amet massa. Quisque porttitor eros nec;Sagittis Duis
tb+12_P7;iaculis quis, pede. Praesent;Nec Ante Associates
XQ-20SSo7;inceptos hymenaeos. Mauris ut quam vel sapien;Primis Corporation
IZ-66ENk5;sed tortor. Integer aliquam adipiscing;Primis Corporation
eQ6UR66;est. Nunc laoreet lectus quis massa. Mauris vestibulum,;Pellentesque Foundation
SS-64DFh5;Nulla aliquet. Proin velit. Sed;Primis Corporation
u0IU4-X;tellus. Phasellus elit pede, malesuada vel,;Sagittis Duis
OD-76MIf8;a, enim. Suspendisse;Primis Corporation
oO8DD34;sem ut dolor dapibus gravida. Aliquam tincidunt,;Pellentesque Foundation
aL1EI35;purus;Pellentesque Foundation
u7EE4-O;tincidunt adipiscing. Mauris;Sagittis Duis
o5EI7-U;arcu;Sagittis Duis
o5OA3-K;Nunc lectus pede, ultrices;Sagittis Duis
oA5CN43;placerat.;Pellentesque Foundation
bp+02_Q4;pharetra, felis eget varius ultrices, mauris ipsum;Nec Ante Associates
VL-60MKj3;pede sagittis augue, eu tempor erat neque non quam.;Primis Corporation
UJ-96ATd6;tempus, lorem fringilla;Primis Corporation
ES-61EKg2;dictum mi, ac mattis velit justo nec;Primis Corporation
e6AO8-F;ornare tortor at;Sagittis Duis
WF-51BCn4;dolor dolor, tempus non, lacinia at, iaculis quis, pede.;Primis Corporation
RO-71ZEc7;elementum;Primis Corporation
em+00_M5;ad litora torquent per conubia nostra, per inceptos;Nec Ante Associates
RL-67DCx4;lobortis tellus;Primis Corporation
i5AE6-Y;ultrices sit amet,;Sagittis Duis
ou+12_G2;lacinia mattis. Integer eu lacus. Quisque imperdiet,;Nec Ante Associates
WX-13EUb4;urna. Nunc quis arcu vel quam dignissim;Primis Corporation
a6EI3-J;Nunc mauris. Morbi;Sagittis Duis
e6OI0-Q;ligula. Nullam enim. Sed nulla ante, iaculis nec,;Sagittis Duis
e5UA6-V;penatibus et magnis dis parturient montes, nascetur ridiculus;Sagittis Duis
GS-33RWt3;Sed malesuada augue ut lacus. Nulla tincidunt, neque vitae;Primis Corporation
eB2XS24;luctus vulputate,;Pellentesque Foundation
e3OU2-K;euismod urna. Nullam lobortis quam a felis ullamcorper viverra.;Sagittis Duis
oU2MP23;penatibus et;Pellentesque Foundation
QU-18YIq3;malesuada malesuada. Integer id magna et;Primis Corporation
rg+88_J9;quam dignissim pharetra. Nam ac nulla.;Nec Ante Associates
a7OI8-T;felis. Nulla tempor augue ac;Sagittis Duis
o4OA4-I;nisi a odio semper cursus. Integer mollis. Integer tincidunt;Sagittis Duis
CB-24TJv2;Donec tempus, lorem fringilla ornare placerat, orci;Primis Corporation
iC7PC76;consequat enim diam vel arcu.;Pellentesque Foundation
nb+97_S5;et, eros. Proin ultrices. Duis volutpat nunc sit;Nec Ante Associates
LF-64SIb2;nibh. Quisque nonummy ipsum non arcu. Vivamus;Primis Corporation
i6OI5-Y;lorem ut aliquam iaculis, lacus pede sagittis augue, eu tempor;Sagittis Duis
uL2OB35;ipsum primis;Pellentesque Foundation
lk+17_C6;non, vestibulum nec, euismod in, dolor. Fusce feugiat. Lorem;Nec Ante Associates
aT7XV83;volutpat. Nulla dignissim. Maecenas ornare egestas ligula. Nullam feugiat;Pellentesque Foundation
MO-73RXt9;quam. Pellentesque habitant;Primis Corporation
NC-28CKl9;neque. Sed eget lacus.;Primis Corporation
i9OE0-Y;tempus scelerisque, lorem ipsum sodales purus, in molestie tortor nibh;Sagittis Duis
eP2XE47;malesuada vel, convallis in, cursus;Pellentesque Foundation
UL-11OOk4;penatibus et magnis dis parturient montes, nascetur ridiculus;Primis Corporation
wt+69_J5;urna. Ut tincidunt vehicula risus. Nulla;Nec Ante Associates
eT6NZ33;lorem eu metus.;Pellentesque Foundation
HL-56OTe3;lobortis. Class aptent taciti sociosqu ad litora torquent;Primis Corporation
oC2WQ22;augue. Sed molestie. Sed id risus quis;Pellentesque Foundation
LX-52HRu3;pede. Cras vulputate velit eu sem. Pellentesque;Primis Corporation
a8OI1-Q;Integer vulputate, risus a ultricies adipiscing,;Sagittis Duis
TZ-13LFn2;pede ac urna. Ut tincidunt vehicula;Primis Corporation
TW-43GUr3;Etiam gravida molestie arcu. Sed eu;Primis Corporation
eI9OI72;consequat, lectus sit amet luctus vulputate, nisi sem;Pellentesque Foundation
u6EI7-F;sed turpis;Sagittis Duis
eL4YE39;tempus;Pellentesque Foundation
ah+35_M5;Vivamus sit amet risus. Donec;Nec Ante Associates
YU-27IQw2;justo eu arcu.;Primis Corporation
e7IE8-I;ante dictum cursus. Nunc mauris elit, dictum eu, eleifend nec,;Sagittis Duis
UH-81DIv7;turpis egestas. Aliquam fringilla cursus purus. Nullam scelerisque neque;Primis Corporation
eO7MJ99;velit. Pellentesque ultricies;Pellentesque Foundation
iO2IK47;sem ut cursus;Pellentesque Foundation
iS4OK35;dui, semper et, lacinia vitae, sodales at, velit.;Pellentesque Foundation
i7OI1-R;a odio semper cursus. Integer mollis. Integer tincidunt aliquam arcu.;Sagittis Duis
GB-64MAn5;amet,;Primis Corporation
LH-85KAy2;nec luctus;Primis Corporation
oF1KV27;justo. Proin;Pellentesque Foundation
i3IO6-D;ipsum dolor;Sagittis Duis
i3II3-N;Integer id magna et;Sagittis Duis
BM-77IYu2;montes, nascetur ridiculus mus. Proin;Primis Corporation
oU5QP44;odio. Aliquam vulputate ullamcorper;Pellentesque Foundation
XK-32KTe5;dapibus ligula. Aliquam erat volutpat. Nulla dignissim. Maecenas ornare;Primis Corporation
e4IU7-O;eget tincidunt dui augue;Sagittis Duis
u5IO7-W;metus. Aenean sed pede nec ante blandit viverra.;Sagittis Duis
GT-52OLl5;erat. Sed nunc est, mollis non, cursus non,;Primis Corporation
CS-13IIq7;a mi fringilla mi lacinia mattis. Integer eu;Primis Corporation
HH-14VTd7;eu metus. In lorem. Donec elementum, lorem ut;Primis Corporation
e7AA4-V;Nulla aliquet. Proin velit. Sed malesuada augue ut;Sagittis Duis
jv+64_J3;scelerisque sed, sapien. Nunc pulvinar arcu et pede. Nunc sed;Nec Ante Associates
u4EO6-L;pellentesque massa lobortis ultrices. Vivamus rhoncus. Donec est.;Sagittis Duis
VJ-36CDo2;sed dictum eleifend, nunc risus varius orci, in consequat;Primis Corporation
qr+24_P7;et, lacinia vitae, sodales;Nec Ante Associates
GK-42QRn6;amet, consectetuer;Primis Corporation
zr+35_M6;est tempor;Nec Ante Associates
uV9MF76;erat,;Pellentesque Foundation
bi+74_T5;elementum at, egestas a, scelerisque sed,;Nec Ante Associates
FL-88ZYt7;nec tempus;Primis Corporation
uM4MA45;risus, at fringilla purus mauris a nunc. In;Pellentesque Foundation
QT-36LOc8;nunc sit amet;Primis Corporation
iQ8YF78;dolor. Fusce mi lorem, vehicula et,;Pellentesque Foundation
RV-19UAa2;Vivamus non lorem;Primis Corporation
OZ-47JGa9;lobortis tellus justo sit amet;Primis Corporation
i3AE1-Z;ut erat.;Sagittis Duis
EC-59SEx7;at fringilla purus mauris a nunc. In at pede. Cras;Primis Corporation
ue+33_P2;turpis non enim. Mauris quis;Nec Ante Associates
a9EI4-F;Curabitur vel lectus. Cum;Sagittis Duis
iH8TC63;sem egestas blandit. Nam nulla magna, malesuada vel,;Pellentesque Foundation
OC-18ZZt3;mauris id sapien. Cras dolor dolor, tempus non, lacinia at,;Primis Corporation
i5AE9-I;tempus risus. Donec;Sagittis Duis
UN-43QMr2;lacinia vitae, sodales at, velit. Pellentesque ultricies dignissim lacus.;Primis Corporation
JC-11YIr5;Pellentesque habitant morbi;Primis Corporation
VY-35TFe8;ultrices posuere cubilia Curae Phasellus;Primis Corporation
u7AI5-V;auctor. Mauris;Sagittis Duis
UJ-96KZi3;Proin;Primis Corporation
o4EO2-W;commodo at, libero. Morbi accumsan laoreet ipsum.;Sagittis Duis
i0OA4-N;fermentum vel, mauris. Integer sem elit, pharetra;Sagittis Duis
ON-52OZs8;amet, consectetuer adipiscing;Primis Corporation
eD3EF83;Phasellus nulla. Integer vulputate, risus a;Pellentesque Foundation
xh+53_H5;auctor quis,;Nec Ante Associates
eZ3HH51;volutpat. Nulla;Pellentesque Foundation
UB-43NJd6;Aenean egestas;Primis Corporation
VR-76ZPp7;tellus non magna.;Primis Corporation
uW6EO19;sollicitudin adipiscing ligula. Aenean gravida nunc sed pede.;Pellentesque Foundation
PK-71WNi8;eu, euismod ac, fermentum vel, mauris. Integer;Primis Corporation
e7EA2-D;tempor, est ac mattis semper,;Sagittis Duis
sy+33_L6;tellus. Nunc;Nec Ante Associates
WL-81TYs2;Nunc ac sem ut dolor;Primis Corporation
hi+88_D4;lorem, luctus ut,;Nec Ante Associates
ov+64_U3;amet diam eu dolor egestas rhoncus. Proin;Nec Ante Associates
oX0MQ79;Proin;Pellentesque Foundation
oy+38_G4;metus eu erat semper rutrum. Fusce dolor quam, elementum;Nec Ante Associates
iO6GN37;in molestie tortor;Pellentesque Foundation
HX-55NCe7;sem semper erat, in consectetuer;Primis Corporation
CH-63MTs2;quam quis diam. Pellentesque habitant morbi;Primis Corporation
HP-11PPf8;fames ac turpis egestas. Fusce aliquet;Primis Corporation
WG-51NKh4;est, vitae sodales nisi magna sed dui. Fusce aliquam,;Primis Corporation
o5EA7-H;viverra. Maecenas iaculis aliquet diam. Sed diam;Sagittis Duis
jh+91_J4;lacus vestibulum lorem, sit;Nec Ante Associates
o4II8-W;ligula. Donec luctus aliquet odio. Etiam ligula tortor, dictum;Sagittis Duis
XF-02JKz1;Donec feugiat metus sit amet;Primis Corporation
eF8MF89;hendrerit id, ante. Nunc mauris sapien, cursus in, hendrerit;Pellentesque Foundation
i7UE4-X;ante blandit viverra. Donec tempus, lorem fringilla;Sagittis Duis
AR-86LXy4;sed,;Primis Corporation
qd+95_M9;tellus. Aenean egestas hendrerit neque. In ornare sagittis felis. Donec;Nec Ante Associates
u3OE1-W;accumsan sed, facilisis vitae, orci. Phasellus dapibus quam;Sagittis Duis
DM-57GNg4;lobortis ultrices.;Primis Corporation
YL-28MLl4;ullamcorper.;Primis Corporation
AD-88USc6;tempor arcu.;Primis Corporation
oH2FJ23;nisi magna sed dui. Fusce aliquam, enim nec tempus;Pellentesque Foundation
o4AE4-S;ligula. Nullam feugiat;Sagittis Duis
i4OA1-P;dolor sit amet, consectetuer adipiscing;Sagittis Duis
aK2FH63;nulla. Integer urna. Vivamus molestie dapibus ligula. Aliquam erat;Pellentesque Foundation
hr+84_H2;erat volutpat. Nulla dignissim. Maecenas ornare egestas;Nec Ante Associates
iH2OG74;interdum. Sed auctor odio a;Pellentesque Foundation
CT-22BMi3;odio sagittis semper. Nam tempor;Primis Corporation
VN-18HFh4;rhoncus. Donec est. Nunc ullamcorper, velit in;Primis Corporation
sg+77_Z7;sed sem egestas blandit. Nam;Nec Ante Associates
KT-83QXe7;velit justo nec ante. Maecenas;Primis Corporation
eY3SO93;amet metus.;Pellentesque Foundation
FM-66SXu5;dis parturient;Primis Corporation
JF-73WBi9;sapien, gravida non, sollicitudin;Primis Corporation
a8UI1-J;egestas hendrerit neque. In ornare sagittis;Sagittis Duis
iS5XH52;a sollicitudin orci;Pellentesque Foundation
BB-71IZp3;erat. Sed nunc est, mollis non, cursus non, egestas a,;Primis Corporation
eD1JE64;cubilia Curae Donec tincidunt. Donec vitae erat vel pede blandit;Pellentesque Foundation
iB5ZI82;urna justo faucibus lectus, a sollicitudin orci sem eget;Pellentesque Foundation
PG-28VAd4;senectus et netus et malesuada fames ac turpis;Primis Corporation
oC7WE12;magna tellus faucibus leo, in lobortis;Pellentesque Foundation
qf+21_E7;metus. In nec orci. Donec nibh. Quisque nonummy;Nec Ante Associates
MX-75VXq3;vitae, posuere at, velit. Cras lorem;Primis Corporation
e7UO2-T;fringilla. Donec feugiat metus sit amet ante. Vivamus non;Sagittis Duis
sw+98_L3;amet massa. Quisque porttitor eros nec tellus.;Nec Ante Associates
FE-96FLb3;erat, eget tincidunt dui augue eu tellus. Phasellus;Primis Corporation
HG-99DEc4;mattis. Cras eget nisi dictum;Primis Corporation
oH6MN62;sem mollis dui, in sodales elit;Pellentesque Foundation
oY9SC58;fames ac turpis egestas. Aliquam fringilla cursus purus. Nullam;Pellentesque Foundation
iK1VS27;placerat, orci lacus vestibulum lorem,;Pellentesque Foundation
NZ-14CIz7;ultricies adipiscing, enim mi tempor lorem, eget mollis;Primis Corporation
TN-92APm6;parturient;Primis Corporation
LW-44ORy7;egestas. Duis ac arcu.;Primis Corporation
tw+53_R1;rutrum, justo.;Nec Ante Associates
u4AO9-S;magna, malesuada vel, convallis in, cursus et,;Sagittis Duis
u2OA2-H;tellus eu augue;Sagittis Duis
iY2NY71;augue id ante;Pellentesque Foundation
qz+63_U2;quis, pede. Praesent eu dui. Cum sociis natoque penatibus et;Nec Ante Associates
EB-67GBo3;et, commodo at, libero. Morbi accumsan laoreet ipsum. Curabitur;Primis Corporation
PX-58RAs8;ipsum leo elementum sem,;Primis Corporation
IM-02HPc6;et netus et malesuada fames ac turpis;Primis Corporation
e2OI6-Z;velit. Sed malesuada augue ut;Sagittis Duis
a4EU8-M;non, luctus sit amet, faucibus ut, nulla. Cras eu;Sagittis Duis
i6EO8-U;malesuada fringilla est. Mauris;Sagittis Duis
YB-57PFs7;Mauris quis turpis vitae purus gravida sagittis. Duis;Primis Corporation
TZ-80OKw1;scelerisque neque sed sem egestas;Primis Corporation
e3IO0-D;felis.;Sagittis Duis
WB-10MSb2;posuere at, velit. Cras lorem lorem, luctus ut, pellentesque;Primis Corporation
aC7UY56;ac libero nec ligula consectetuer rhoncus. Nullam velit dui,;Pellentesque Foundation
oU7IS68;malesuada fringilla est. Mauris eu turpis.;Pellentesque Foundation
oC4NK65;dui, in;Pellentesque Foundation
u8OO3-M;arcu. Vivamus sit amet risus.;Sagittis Duis
op+80_U5;velit eu sem.;Nec Ante Associates
td+81_V4;dui nec urna suscipit nonummy. Fusce fermentum;Nec Ante Associates
PO-21PFd6;lorem semper auctor. Mauris vel;Primis Corporation
a1UI9-D;congue, elit sed consequat;Sagittis Duis
vx+05_O7;nec tempus mauris;Nec Ante Associates
o9EU7-R;vel turpis. Aliquam adipiscing lobortis;Sagittis Duis
i5OO5-Z;Morbi vehicula. Pellentesque tincidunt tempus risus. Donec egestas. Duis;Sagittis Duis
GD-76MXz3;risus, at;Primis Corporation
VI-13MKm8;purus sapien, gravida;Primis Corporation
gw+07_V9;metus;Nec Ante Associates
YV-83LMt6;tincidunt congue turpis. In condimentum.;Primis Corporation
o9IU6-J;Donec vitae erat vel;Sagittis Duis
o3AI5-L;eget tincidunt dui augue eu;Sagittis Duis
oN7XI73;ut, nulla. Cras eu tellus;Pellentesque Foundation
uC5TU77;metus sit amet ante. Vivamus non lorem;Pellentesque Foundation
i4AO0-B;tincidunt orci quis lectus. Nullam suscipit, est ac;Sagittis Duis
NG-82ZNi7;Sed eget lacus. Mauris non;Primis Corporation
iL1LH28;vehicula;Pellentesque Foundation
oV5EQ87;montes, nascetur;Pellentesque Foundation
YK-44LIb7;non,;Primis Corporation
uO5GN89;Integer id magna et;Pellentesque Foundation
iQ5YC33;fringilla purus mauris a nunc. In at pede. Cras vulputate;Pellentesque Foundation
a8IA7-F;adipiscing elit. Aliquam auctor, velit;Sagittis Duis
o6OA4-O;pede, ultrices a, auctor non, feugiat nec, diam.;Sagittis Duis
e5OE6-T;non, vestibulum;Sagittis Duis
iA2YB62;et tristique pellentesque, tellus sem mollis dui,;Pellentesque Foundation
e5OI3-Z;ac, feugiat non, lobortis quis, pede. Suspendisse dui.;Sagittis Duis
e8EE5-C;dui lectus rutrum urna, nec luctus felis;Sagittis Duis
iX2VD88;vitae erat vel pede blandit;Pellentesque Foundation
FV-75WWd8;lorem, auctor quis, tristique;Primis Corporation
aS9BP96;gravida molestie arcu.;Pellentesque Foundation
su+64_I9;enim.;Nec Ante Associates
i2IE8-V;dolor sit amet, consectetuer adipiscing elit. Etiam laoreet, libero;Sagittis Duis
wu+19_B6;urna convallis;Nec Ante Associates
e0EI5-H;ut mi. Duis risus odio, auctor vitae, aliquet nec,;Sagittis Duis
im+83_T5;pede. Cum sociis natoque penatibus et;Nec Ante Associates
dg+47_Y2;ad litora torquent per conubia nostra, per;Nec Ante Associates
WM-37JRa3;sit amet diam eu dolor;Primis Corporation
NH-10MIc7;porttitor vulputate, posuere vulputate, lacus.;Primis Corporation
eF1VE28;imperdiet ornare. In faucibus. Morbi;Pellentesque Foundation
e4IO4-H;velit in aliquet lobortis,;Sagittis Duis
eX8VH77;lacinia mattis. Integer eu lacus.;Pellentesque Foundation
oB3AP22;tortor, dictum eu, placerat eget, venenatis a, magna.;Pellentesque Foundation
a6OE4-P;nulla. Integer vulputate, risus a ultricies adipiscing, enim mi;Sagittis Duis
QD-28DIe8;elit. Nulla facilisi. Sed;Primis Corporation
fm+51_P6;non dui nec urna suscipit nonummy.;Nec Ante Associates
i8OI5-G;natoque penatibus et magnis dis parturient montes, nascetur ridiculus;Sagittis Duis
XQ-77QWg6;velit. Aliquam nisl.;Primis Corporation
iJ3SS57;sagittis. Nullam vitae diam. Proin dolor. Nulla;Pellentesque Foundation
OS-57ALi2;Nunc commodo auctor velit. Aliquam nisl. Nulla eu;Primis Corporation
WK-94FQh2;adipiscing elit. Aliquam auctor,;Primis Corporation
oR4OC15;ante. Nunc mauris sapien, cursus;Pellentesque Foundation
IT-82BUq1;Ut sagittis lobortis mauris. Suspendisse aliquet;Primis Corporation
yk+24_S2;egestas nunc;Nec Ante Associates
WE-38YTq8;neque.;Primis Corporation
XC-37PIm5;vehicula risus. Nulla eget metus;Primis Corporation
we+34_Y3;dolor, tempus non,;Nec Ante Associates
ko+68_U4;nunc, ullamcorper eu,;Nec Ante Associates
i4EU7-Y;nec luctus felis purus ac;Sagittis Duis
rv+24_L8;Suspendisse sed dolor.;Nec Ante Associates
oX2CX78;Nam ligula elit, pretium et, rutrum;Pellentesque Foundation
oO8EF28;enim. Suspendisse aliquet, sem ut cursus luctus,;Pellentesque Foundation
DF-63LSx7;metus;Primis Corporation
qn+56_W1;vitae risus. Duis a mi fringilla mi;Nec Ante Associates
fj+21_L4;habitant morbi;Nec Ante Associates
si+96_J6;blandit mattis. Cras;Nec Ante Associates
BX-30EQq6;Fusce aliquet magna a neque.;Primis Corporation
xc+58_K8;Integer id magna et ipsum cursus vestibulum. Mauris magna.;Nec Ante Associates
eF1TM31;ad litora torquent per conubia;Pellentesque Foundation
TF-61WHc7;egestas;Primis Corporation
wz+25_B2;sem. Pellentesque;Nec Ante Associates
bv+48_E3;est ac facilisis facilisis, magna tellus faucibus leo, in;Nec Ante Associates
oM2JJ88;torquent per;Pellentesque Foundation
sh+59_V1;Donec sollicitudin adipiscing ligula. Aenean gravida nunc sed;Nec Ante Associates
UC-12FJq4;euismod urna. Nullam lobortis quam a felis ullamcorper;Primis Corporation
aY1DC87;Duis cursus, diam at pretium aliquet,;Pellentesque Foundation
up+78_E4;amet risus.;Nec Ante Associates
PY-26KUx1;urna justo faucibus lectus, a sollicitudin orci;Primis Corporation
xc+72_B6;ut cursus luctus, ipsum leo elementum sem, vitae;Nec Ante Associates
oY1WV39;ac turpis egestas. Aliquam fringilla cursus purus. Nullam scelerisque neque;Pellentesque Foundation
i5UU5-E;taciti sociosqu ad litora torquent per conubia nostra, per inceptos;Sagittis Duis
YV-47FLd4;ornare, elit elit fermentum risus,;Primis Corporation
FI-99OZp4;nec luctus felis purus;Primis Corporation
KD-53QTp8;Proin;Primis Corporation
i7IU0-C;vitae, posuere at, velit. Cras lorem;Sagittis Duis
NW-60RNj2;varius et, euismod et, commodo at, libero. Morbi;Primis Corporation
CG-50LLu7;purus gravida sagittis. Duis gravida.;Primis Corporation
u2EI1-E;in consequat enim diam vel;Sagittis Duis
CA-75KIr3;laoreet ipsum. Curabitur consequat, lectus sit amet;Primis Corporation
eI0KX79;posuere, enim nisl elementum purus, accumsan;Pellentesque Foundation
FY-33LSh6;fermentum arcu. Vestibulum ante ipsum primis in faucibus orci;Primis Corporation
oS2BX67;tellus justo sit amet nulla. Donec non justo. Proin;Pellentesque Foundation
IB-42CMn5;vel sapien imperdiet ornare. In faucibus. Morbi vehicula.;Primis Corporation
SP-97AMk8;at, velit. Pellentesque ultricies dignissim lacus.;Primis Corporation
GD-21HMg8;non justo. Proin non massa non;Primis Corporation
JK-42NCy2;non, bibendum sed, est. Nunc laoreet lectus;Primis Corporation
KV-32QUz3;nisi a odio semper cursus. Integer mollis. Integer;Primis Corporation
HY-58PWg1;egestas. Aliquam fringilla;Primis Corporation
o1EE3-W;urna convallis erat, eget tincidunt dui augue;Sagittis Duis
IP-97CPy2;Praesent eu nulla at sem molestie sodales.;Primis Corporation
TU-24ZKd1;Donec luctus aliquet odio. Etiam ligula tortor, dictum eu,;Primis Corporation
QU-29DCq6;mauris.;Primis Corporation
GU-20BYu7;libero nec ligula consectetuer rhoncus. Nullam;Primis Corporation
ar+46_G2;mi felis, adipiscing fringilla, porttitor;Nec Ante Associates
oD6KI23;dictum. Proin eget odio. Aliquam vulputate ullamcorper;Pellentesque Foundation
a6II1-M;dolor. Donec fringilla. Donec feugiat metus sit amet ante.;Sagittis Duis
iN6PQ66;pretium neque. Morbi quis urna.;Pellentesque Foundation
u2OE8-N;enim, sit;Sagittis Duis
TD-48DOz5;Cras sed leo.;Primis Corporation
iS8AW42;a felis ullamcorper viverra. Maecenas iaculis aliquet;Pellentesque Foundation
NL-52RVc9;ipsum;Primis Corporation
OH-25QPs7;velit eget laoreet posuere, enim nisl elementum;Primis Corporation
mb+77_N4;Mauris eu turpis. Nulla;Nec Ante Associates
XB-14HKj6;Nam nulla;Primis Corporation
AJ-18EYe8;imperdiet ornare. In;Primis Corporation
WB-96AQe2;malesuada vel, venenatis vel, faucibus id, libero. Donec consectetuer mauris;Primis Corporation
a6IU2-S;a felis ullamcorper viverra.;Sagittis Duis
i1IO9-J;feugiat metus sit amet ante. Vivamus non lorem;Sagittis Duis
oD5AS56;rutrum urna, nec luctus felis purus ac tellus.;Pellentesque Foundation
a9OO7-B;ac mattis velit;Sagittis Duis
uA5PF63;nec, euismod in, dolor. Fusce feugiat. Lorem ipsum;Pellentesque Foundation
LZ-21OWt3;diam vel arcu.;Primis Corporation
QM-16VKm2;luctus felis purus ac tellus. Suspendisse sed;Primis Corporation
kq+27_V5;Aliquam erat volutpat. Nulla;Nec Ante Associates
GK-89NNm8;dolor sit amet, consectetuer adipiscing elit. Curabitur sed tortor.;Primis Corporation
dj+93_K3;ad litora torquent per conubia;Nec Ante Associates
zf+82_K3;dictum. Proin eget odio. Aliquam vulputate ullamcorper;Nec Ante Associates
RL-37CEn6;dolor dapibus gravida. Aliquam tincidunt, nunc ac;Primis Corporation
IF-66BCd6;Suspendisse non leo.;Primis Corporation
dn+71_R8;lorem tristique aliquet. Phasellus fermentum convallis ligula. Donec luctus aliquet;Nec Ante Associates
e2UU9-P;Morbi quis urna. Nunc quis arcu vel quam dignissim;Sagittis Duis
kg+08_Z8;mauris;Nec Ante Associates
i2EE4-T;quis lectus. Nullam suscipit, est;Sagittis Duis
lh+87_F1;a purus. Duis elementum, dui quis accumsan convallis,;Nec Ante Associates
NM-76MJf2;quis urna. Nunc quis arcu vel quam;Primis Corporation
KW-77BDf7;ante. Maecenas;Primis Corporation
a9OO4-F;Duis ac arcu. Nunc mauris. Morbi non;Sagittis Duis
LS-10RYc5;malesuada vel, venenatis vel, faucibus;Primis Corporation
MU-73VYh4;urna. Nunc quis arcu vel;Primis Corporation
YH-13IFk3;faucibus. Morbi;Primis Corporation
QB-24JSl6;eu;Primis Corporation
sw+27_Z3;ultricies adipiscing, enim mi tempor lorem,;Nec Ante Associates
i7IO8-L;nisi. Aenean eget metus. In nec orci. Donec nibh. Quisque;Sagittis Duis
HU-51KMu6;ac orci. Ut semper pretium neque. Morbi;Primis Corporation
ue+36_Q8;Etiam gravida molestie arcu. Sed eu nibh;Nec Ante Associates
i2EO0-X;vel;Sagittis Duis
qx+11_Y2;mollis nec, cursus a, enim. Suspendisse aliquet, sem;Nec Ante Associates
vn+11_S9;Morbi sit amet massa. Quisque porttitor;Nec Ante Associates
a9EE7-X;sollicitudin a, malesuada id, erat. Etiam vestibulum;Sagittis Duis
HJ-57UVg4;conubia nostra, per inceptos hymenaeos. Mauris ut;Primis Corporation
HJ-70PTt3;libero. Donec consectetuer;Primis Corporation
o3EO5-K;nisi. Aenean eget metus. In nec orci.;Sagittis Duis
bi+35_T9;et ipsum cursus;Nec Ante Associates
wt+93_E9;metus urna convallis erat,;Nec Ante Associates
ru+81_K2;Mauris quis turpis vitae purus;Nec Ante Associates
LJ-69QQj2;Phasellus dolor elit, pellentesque a, facilisis;Primis Corporation
i7UO2-F;amet, faucibus ut,;Sagittis Duis
i8EE2-U;torquent per conubia nostra, per inceptos;Sagittis Duis
DD-46NUn4;mauris eu elit.;Primis Corporation
e2UI6-W;quam. Pellentesque habitant morbi;Sagittis Duis
oC9EV83;in faucibus;Pellentesque Foundation
i1AE7-S;mattis semper, dui lectus rutrum urna, nec luctus felis;Sagittis Duis
o8AU4-T;scelerisque neque. Nullam nisl. Maecenas malesuada fringilla est. Mauris;Sagittis Duis
e3EE4-Q;Fusce diam nunc, ullamcorper eu, euismod;Sagittis Duis
qa+43_F2;dui quis accumsan convallis, ante lectus convallis est,;Nec Ante Associates
oZ4NN32;Donec fringilla. Donec feugiat metus sit amet ante. Vivamus non;Pellentesque Foundation
mb+56_N4;ante. Maecenas mi felis, adipiscing fringilla, porttitor;Nec Ante Associates
RX-28UOi2;non, cursus non, egestas a, dui. Cras pellentesque. Sed;Primis Corporation
nw+64_Q6;auctor ullamcorper, nisl arcu;Nec Ante Associates
CP-76DNv7;Aenean egestas hendrerit neque. In ornare sagittis;Primis Corporation
i5AI5-T;magna a tortor. Nunc;Sagittis Duis
i3EU0-L;rhoncus id,;Sagittis Duis
oQ4OV42;sem semper erat, in consectetuer ipsum;Pellentesque Foundation
KF-68CXh7;lacus. Ut nec;Primis Corporation
i0II0-J;sed;Sagittis Duis
ok+61_G3;feugiat. Lorem ipsum;Nec Ante Associates
iT5XO73;congue. In scelerisque scelerisque dui. Suspendisse ac;Pellentesque Foundation
TC-15LEj5;scelerisque neque sed;Primis Corporation
EO-14MKm2;nulla ante, iaculis nec,;Primis Corporation
o1EE7-X;lorem, vehicula et, rutrum eu, ultrices sit amet, risus.;Sagittis Duis
YE-65VSr7;vulputate ullamcorper magna. Sed eu eros. Nam consequat dolor vitae;Primis Corporation
lp+17_L3;aliquam eu, accumsan sed, facilisis;Nec Ante Associates
dh+60_H3;In at pede. Cras vulputate;Nec Ante Associates
u6OO4-E;lacus. Aliquam rutrum;Sagittis Duis
WM-74UBl2;mollis vitae, posuere at, velit.;Primis Corporation
WA-29JGr1;libero lacus, varius et, euismod et, commodo at, libero. Morbi;Primis Corporation
wo+47_J3;interdum. Sed;Nec Ante Associates
o6IE9-S;vitae diam. Proin;Sagittis Duis
BK-74EJt1;erat vitae risus.;Primis Corporation
i3EU4-U;cubilia Curae Phasellus ornare. Fusce mollis. Duis sit;Sagittis Duis
i2AU9-O;blandit at, nisi. Cum sociis;Sagittis Duis
zp+24_O2;elit, pellentesque a, facilisis non,;Nec Ante Associates
eC9LW43;enim;Pellentesque Foundation
hc+13_M9;Vivamus non lorem vitae odio sagittis;Nec Ante Associates
DZ-62QSw5;eget magna. Suspendisse;Primis Corporation
MY-72PDk8;ac tellus. Suspendisse sed dolor. Fusce mi lorem, vehicula et,;Primis Corporation
UK-68WLj7;ac mattis ornare, lectus ante;Primis Corporation
VJ-11JWi8;lobortis augue scelerisque mollis. Phasellus libero;Primis Corporation
u3OI8-X;ut quam vel sapien imperdiet ornare. In;Sagittis Duis
vz+62_M8;augue, eu tempor erat neque non quam. Pellentesque habitant;Nec Ante Associates
uR3BP22;rhoncus. Donec est.;Pellentesque Foundation
iO8TM69;convallis ligula. Donec luctus aliquet odio.;Pellentesque Foundation
oI1YW48;tempus non, lacinia at, iaculis quis, pede.;Pellentesque Foundation
YH-23QCg4;laoreet;Primis Corporation
ST-28YFt9;ornare, libero at;Primis Corporation
YB-58IVs4;ut lacus. Nulla;Primis Corporation
o4OE6-P;mauris. Integer sem;Sagittis Duis
oP4DQ62;Nullam enim. Sed nulla ante, iaculis nec, eleifend non,;Pellentesque Foundation
uV6RS31;Quisque porttitor eros nec tellus. Nunc lectus pede,;Pellentesque Foundation
aU7QQ63;erat vel pede blandit congue. In scelerisque scelerisque dui. Suspendisse;Pellentesque Foundation
pj+11_D1;justo nec ante. Maecenas mi felis, adipiscing fringilla, porttitor;Nec Ante Associates
xi+46_M3;fames ac turpis egestas. Aliquam;Nec Ante Associates
jd+52_D2;ligula. Nullam;Nec Ante Associates
iC0FU38;in consequat enim diam vel arcu.;Pellentesque Foundation
cw+78_D7;ut quam vel sapien imperdiet ornare.;Nec Ante Associates
mo+34_P6;Suspendisse sagittis. Nullam vitae diam. Proin dolor.;Nec Ante Associates
xs+31_M5;nascetur ridiculus mus. Donec dignissim;Nec Ante Associates
su+22_Z9;malesuada ut, sem.;Nec Ante Associates
dq+83_S4;quis lectus. Nullam suscipit, est ac facilisis facilisis, magna tellus;Nec Ante Associates
mh+30_E5;non, hendrerit id, ante. Nunc;Nec Ante Associates
XZ-13GEp4;a sollicitudin orci;Primis Corporation
NF-36YRp8;pede ac urna. Ut;Primis Corporation
DR-28XKa8;Curabitur sed tortor. Integer;Primis Corporation
aV6LI82;fermentum vel, mauris.;Pellentesque Foundation
qr+79_J7;erat. Sed nunc est, mollis non, cursus non, egestas;Nec Ante Associates
ai+63_M1;sagittis. Duis gravida. Praesent eu nulla;Nec Ante Associates
oN4NI42;eu nibh vulputate mauris sagittis placerat.;Pellentesque Foundation
aM3IL22;vitae sodales nisi magna sed dui. Fusce aliquam,;Pellentesque Foundation
aE0DP45;sagittis augue,;Pellentesque Foundation
u4AE5-H;Phasellus nulla. Integer vulputate, risus a ultricies adipiscing, enim;Sagittis Duis
FK-42TYd5;volutpat. Nulla dignissim. Maecenas;Primis Corporation
iR2IO71;ullamcorper. Duis cursus, diam;Pellentesque Foundation
gi+54_G3;neque. Nullam ut nisi a odio;Nec Ante Associates
vs+41_X9;sagittis placerat. Cras dictum ultricies ligula.;Nec Ante Associates
eT2EB26;turpis non;Pellentesque Foundation
WK-01PNc7;sit amet, consectetuer adipiscing elit. Aliquam auctor, velit eget laoreet;Primis Corporation
DJ-99BTz2;faucibus id, libero. Donec consectetuer mauris id;Primis Corporation
PV-12RYo5;libero. Donec consectetuer mauris id sapien.;Primis Corporation
WH-16WWm6;cursus. Nunc mauris elit,;Primis Corporation
ne+61_D3;sociis natoque penatibus et;Nec Ante Associates
UI-74LXl8;dolor sit amet, consectetuer adipiscing elit. Etiam laoreet,;Primis Corporation
i6EO3-E;metus eu erat semper;Sagittis Duis
i0EE7-F;ipsum non arcu. Vivamus sit amet;Sagittis Duis
BT-46MUl8;nec ligula consectetuer rhoncus.;Primis Corporation
uI3MS23;vitae odio sagittis semper. Nam tempor diam;Pellentesque Foundation
DH-42RFd8;justo. Proin non massa non ante;Primis Corporation
e1IA4-X;Vivamus nisi. Mauris nulla. Integer;Sagittis Duis
ye+24_C3;elit sed consequat auctor, nunc nulla vulputate dui, nec;Nec Ante Associates
AN-83XBa7;Sed pharetra, felis eget;Primis Corporation
oS6HE65;nec ante. Maecenas mi felis,;Pellentesque Foundation
zu+45_C4;rutrum, justo. Praesent luctus. Curabitur egestas nunc;Nec Ante Associates
i1EO7-T;libero. Morbi accumsan;Sagittis Duis
FE-07STo8;laoreet,;Primis Corporation
uO4OR62;Duis cursus, diam at;Pellentesque Foundation
jk+01_F8;eu odio tristique pharetra.;Nec Ante Associates
iQ1OQ53;sem molestie sodales. Mauris;Pellentesque Foundation
ig+58_M7;non, dapibus;Nec Ante Associates
a6IO1-P;lorem ac risus. Morbi metus. Vivamus;Sagittis Duis
iG3BD38;mi eleifend egestas. Sed pharetra,;Pellentesque Foundation
dr+44_A4;mi lorem, vehicula et, rutrum eu, ultrices;Nec Ante Associates
eT5XQ71;risus. Donec egestas. Duis ac;Pellentesque Foundation
JJ-15SLj3;pellentesque. Sed dictum. Proin eget odio. Aliquam vulputate ullamcorper magna.;Primis Corporation
VU-64IWh3;leo. Morbi neque tellus,;Primis Corporation
QP-33VFb2;nibh vulputate mauris sagittis placerat. Cras dictum;Primis Corporation
i3EE9-S;a, aliquet vel,;Sagittis Duis
HV-87YQe5;ridiculus mus. Proin vel;Primis Corporation
iW8WY37;ornare,;Pellentesque Foundation
e4OU2-E;amet, consectetuer;Sagittis Duis
i2OU8-D;ipsum dolor sit amet, consectetuer adipiscing elit. Curabitur;Sagittis Duis
QC-14VVw6;Quisque varius. Nam porttitor scelerisque neque. Nullam nisl. Maecenas;Primis Corporation
e1II4-T;mi eleifend egestas. Sed pharetra,;Sagittis Duis
DB-52OSw9;Aenean egestas hendrerit neque. In ornare sagittis;Primis Corporation
wl+48_F6;id, libero. Donec;Nec Ante Associates
iP9BH19;cursus a, enim. Suspendisse aliquet, sem ut cursus luctus,;Pellentesque Foundation
u3AU5-S;lorem lorem, luctus ut, pellentesque eget,;Sagittis Duis
e6OI7-G;posuere at,;Sagittis Duis
u1AO3-N;Nunc lectus pede, ultrices;Sagittis Duis
uG6NQ44;dui augue eu tellus. Phasellus elit pede,;Pellentesque Foundation
jj+03_D7;dui, semper et,;Nec Ante Associates
e8EE5-A;tellus sem mollis dui, in;Sagittis Duis
VB-32LEy1;a felis ullamcorper viverra. Maecenas iaculis aliquet diam. Sed;Primis Corporation
aC0CG84;Sed molestie. Sed;Pellentesque Foundation
SB-65YDh4;posuere at, velit. Cras;Primis Corporation
BH-87QHs7;ipsum ac mi eleifend;Primis Corporation
DY-69NSp5;elit. Nulla facilisi. Sed;Primis Corporation
i4EI3-R;Cras eu tellus eu augue;Sagittis Duis
ws+76_I5;Donec egestas. Duis ac arcu. Nunc mauris. Morbi non;Nec Ante Associates
XH-17CJn3;Donec dignissim magna a tortor.;Primis Corporation
fs+33_F9;purus, in molestie tortor nibh sit amet;Nec Ante Associates
im+55_M7;vel arcu. Curabitur ut odio vel est tempor bibendum.;Nec Ante Associates
my+54_S7;ac;Nec Ante Associates
DY-77GFm8;Quisque ac libero nec ligula consectetuer rhoncus.;Primis Corporation
iJ3CS34;faucibus. Morbi vehicula.;Pellentesque Foundation
o7EA7-B;netus et malesuada fames ac turpis egestas.;Sagittis Duis
GJ-60YFo4;ridiculus mus. Aenean eget magna.;Primis Corporation
bu+64_Q6;lectus convallis est, vitae sodales nisi magna sed;Nec Ante Associates
uH4RV75;auctor quis, tristique ac, eleifend vitae, erat.;Pellentesque Foundation
eY8BL56;sem. Nulla interdum. Curabitur;Pellentesque Foundation
hk+13_T8;Cras dictum ultricies ligula. Nullam;Nec Ante Associates
fh+59_Y9;lobortis ultrices. Vivamus rhoncus. Donec est. Nunc ullamcorper,;Nec Ante Associates
e1OU5-B;nibh. Quisque;Sagittis Duis
i3AE5-O;nec urna suscipit nonummy. Fusce;Sagittis Duis
oV6HW43;Donec porttitor tellus non magna. Nam;Pellentesque Foundation
uh+39_C9;Nullam enim. Sed nulla ante, iaculis nec, eleifend non,;Nec Ante Associates
vs+59_D4;consectetuer euismod est arcu ac orci. Ut;Nec Ante Associates
KH-76KPs7;viverra. Donec tempus, lorem;Primis Corporation
DP-04ZCp7;tempus non, lacinia at, iaculis quis,;Primis Corporation
db+85_G6;felis purus;Nec Ante Associates
tt+61_A3;Proin non massa non ante bibendum ullamcorper. Duis;Nec Ante Associates
DJ-67UDf2;in felis. Nulla tempor;Primis Corporation
sl+78_M1;accumsan neque et nunc. Quisque ornare tortor at;Nec Ante Associates
iT3HS43;placerat, orci;Pellentesque Foundation
uD8YY84;Ut sagittis lobortis mauris. Suspendisse aliquet molestie;Pellentesque Foundation
LL-68DJk6;tempor bibendum. Donec felis orci, adipiscing non, luctus sit;Primis Corporation
oT6RL48;Quisque ornare tortor at risus. Nunc ac sem;Pellentesque Foundation
ro+05_J2;lacus;Nec Ante Associates
yu+23_T2;vestibulum nec, euismod in, dolor. Fusce feugiat.;Nec Ante Associates
iI6SH55;luctus lobortis. Class aptent taciti sociosqu ad litora torquent;Pellentesque Foundation
iL8XB29;urna;Pellentesque Foundation
DW-01OTe4;interdum. Nunc sollicitudin commodo ipsum. Suspendisse non leo.;Primis Corporation
qg+23_K7;parturient montes, nascetur ridiculus mus. Proin;Nec Ante Associates
e2II6-T;cursus. Integer mollis. Integer tincidunt aliquam arcu. Aliquam;Sagittis Duis
oM5TO37;nec ligula consectetuer rhoncus. Nullam;Pellentesque Foundation
DN-71MYb1;arcu. Morbi sit amet massa. Quisque porttitor eros;Primis Corporation
VU-53HLt1;Phasellus vitae mauris sit;Primis Corporation
aU1RT26;rutrum urna, nec luctus felis purus ac tellus.;Pellentesque Foundation
uh+26_L7;gravida. Praesent eu nulla at sem molestie sodales.;Nec Ante Associates
e8IE8-R;risus a ultricies adipiscing, enim mi;Sagittis Duis
zz+85_U6;non nisi. Aenean eget metus. In nec orci.;Nec Ante Associates
YN-70PBk3;mi felis, adipiscing fringilla, porttitor vulputate, posuere vulputate, lacus.;Primis Corporation
eO1KV59;tellus faucibus leo, in lobortis;Pellentesque Foundation
oD1CP32;vitae odio sagittis semper. Nam tempor diam dictum;Pellentesque Foundation
PL-02IEu7;Morbi vehicula. Pellentesque tincidunt tempus risus. Donec egestas. Duis;Primis Corporation
wt+81_S9;eleifend non, dapibus rutrum, justo. Praesent luctus. Curabitur;Nec Ante Associates
nf+22_F8;ac mi eleifend egestas. Sed;Nec Ante Associates
eQ1TH66;Morbi non sapien molestie;Pellentesque Foundation
el+29_V5;conubia nostra, per inceptos hymenaeos. Mauris ut quam vel;Nec Ante Associates
ap+58_C5;nunc sed libero. Proin;Nec Ante Associates
uL1DB95;turpis nec mauris blandit;Pellentesque Foundation
XM-13BZe9;hendrerit id, ante. Nunc mauris sapien,;Primis Corporation
sz+75_K7;Fusce mollis. Duis sit amet diam eu;Nec Ante Associates
u2EO7-F;luctus aliquet odio. Etiam ligula tortor, dictum eu, placerat;Sagittis Duis
LG-63EOw5;Suspendisse ac;Primis Corporation
go+29_G4;Aliquam rutrum;Nec Ante Associates
KK-83GQd7;et magnis;Primis Corporation
IY-81EEy5;consequat enim diam vel arcu. Curabitur;Primis Corporation
FT-34LPj5;vehicula et, rutrum eu, ultrices sit amet,;Primis Corporation
u0EE8-A;lorem tristique aliquet. Phasellus fermentum convallis ligula.;Sagittis Duis
DB-36QBv8;non massa non ante bibendum ullamcorper. Duis cursus, diam;Primis Corporation
i9II9-X;Suspendisse ac metus vitae velit egestas lacinia.;Sagittis Duis
NO-84IEy7;risus varius orci, in consequat enim diam vel arcu. Curabitur;Primis Corporation
i9AI5-I;imperdiet dictum magna. Ut tincidunt orci quis lectus. Nullam;Sagittis Duis
PO-43HOf8;ac mattis velit justo nec ante. Maecenas mi felis,;Primis Corporation
SK-12SSb2;ut, nulla. Cras eu tellus eu;Primis Corporation
oP6MM95;at sem molestie sodales. Mauris blandit enim consequat;Pellentesque Foundation
ca+67_A3;lorem. Donec elementum, lorem ut aliquam;Nec Ante Associates
a9AO3-M;gravida sit amet, dapibus;Sagittis Duis
aV5FW97;Cras pellentesque. Sed dictum. Proin eget;Pellentesque Foundation
oJ4PK31;sem ut;Pellentesque Foundation
i3AA1-X;magna. Praesent interdum ligula eu enim.;Sagittis Duis
JI-41BRg9;Curabitur ut odio vel est;Primis Corporation
YJ-87RNn8;at augue id ante;Primis Corporation
eu+27_C4;non justo. Proin non massa non;Nec Ante Associates
u0II2-V;Donec tincidunt.;Sagittis Duis
e5IO5-I;elit, dictum eu,;Sagittis Duis
i5OI1-X;Mauris magna. Duis dignissim;Sagittis Duis
oH3DI25;arcu. Sed et libero. Proin mi. Aliquam;Pellentesque Foundation
JW-13SNr1;in lobortis tellus;Primis Corporation
i3IO6-Q;Quisque fringilla euismod enim. Etiam gravida molestie arcu. Sed;Sagittis Duis
e8EU4-F;magna sed dui. Fusce aliquam, enim nec;Sagittis Duis
CI-47CSj4;tellus;Primis Corporation
o4EE4-Y;Class aptent taciti sociosqu ad;Sagittis Duis
uB0IN83;luctus lobortis. Class;Pellentesque Foundation
DU-86THp6;dui lectus rutrum urna,;Primis Corporation
oX5FD48;pellentesque. Sed dictum. Proin;Pellentesque Foundation
i5AE5-F;Sed pharetra,;Sagittis Duis
a8II6-U;Pellentesque ut ipsum ac mi eleifend egestas. Sed pharetra, felis;Sagittis Duis
KI-89XVv8;sagittis augue, eu tempor erat;Primis Corporation
iE6JF52;mi. Aliquam gravida mauris ut;Pellentesque Foundation
NH-36XGr6;mauris ipsum;Primis Corporation
NF-95MPk7;libero mauris, aliquam;Primis Corporation
VM-88USl2;Vivamus nibh dolor, nonummy ac, feugiat non, lobortis;Primis Corporation
oL3OB78;Etiam ligula tortor, dictum eu, placerat eget, venenatis a,;Pellentesque Foundation
JM-62TUg8;In condimentum. Donec at arcu. Vestibulum ante ipsum;Primis Corporation
mp+64_J2;sapien. Aenean massa. Integer vitae nibh.;Nec Ante Associates
do+83_U5;mauris. Morbi non sapien;Nec Ante Associates
BJ-28DXj4;amet diam eu dolor egestas;Primis Corporation
a7II9-X;ultricies adipiscing, enim mi tempor lorem, eget;Sagittis Duis
uH5SG67;egestas. Aliquam nec enim. Nunc ut;Pellentesque Foundation
af+77_T1;eleifend vitae, erat. Vivamus;Nec Ante Associates
cs+42_V2;diam. Sed diam lorem, auctor quis, tristique ac, eleifend;Nec Ante Associates
o7AI8-X;laoreet, libero et tristique pellentesque,;Sagittis Duis
u0AO5-M;et magnis dis parturient montes, nascetur ridiculus;Sagittis Duis
VF-44ZHq4;Curabitur dictum. Phasellus in felis.;Primis Corporation
ha+63_X5;pharetra sed, hendrerit a, arcu.;Nec Ante Associates
eU7MA55;ipsum. Donec sollicitudin;Pellentesque Foundation
KF-93TXr7;lorem. Donec elementum,;Primis Corporation
fb+95_S3;tincidunt aliquam arcu. Aliquam;Nec Ante Associates
eW1OR47;odio a purus. Duis elementum,;Pellentesque Foundation
oD2NB61;vel arcu eu odio tristique pharetra.;Pellentesque Foundation
o3OU7-U;montes, nascetur ridiculus;Sagittis Duis
uD8GB15;convallis convallis dolor. Quisque tincidunt pede ac urna. Ut;Pellentesque Foundation
a5UA7-B;nec tempus mauris;Sagittis Duis
mc+32_K6;Vivamus sit amet;Nec Ante Associates
XY-17XGx8;lacus. Quisque purus sapien, gravida non,;Primis Corporation
kf+19_F2;faucibus ut, nulla.;Nec Ante Associates
DE-13MTg8;Fusce aliquam, enim;Primis Corporation
i3EE1-J;sem mollis dui, in sodales elit erat;Sagittis Duis
io+70_Q7;eu sem. Pellentesque ut ipsum ac mi eleifend egestas. Sed;Nec Ante Associates
it+73_I8;torquent per conubia nostra, per inceptos;Nec Ante Associates
iO4XY89;lectus justo eu arcu. Morbi sit amet massa. Quisque porttitor;Pellentesque Foundation
JM-21QHr5;et, eros. Proin ultrices. Duis volutpat nunc sit amet metus.;Primis Corporation
iV7FC33;taciti sociosqu ad litora torquent per conubia;Pellentesque Foundation
vo+22_F1;at risus. Nunc;Nec Ante Associates
ym+65_X2;mauris, aliquam eu, accumsan sed,;Nec Ante Associates
oC2CX85;facilisis, magna;Pellentesque Foundation
eU5NJ54;suscipit nonummy.;Pellentesque Foundation
il+66_I4;mauris eu elit. Nulla facilisi. Sed neque. Sed;Nec Ante Associates
o6OI6-Y;pretium aliquet,;Sagittis Duis
iR3GU13;elit, pharetra ut, pharetra sed, hendrerit;Pellentesque Foundation
ek+35_L4;pharetra. Quisque ac libero nec ligula consectetuer rhoncus.;Nec Ante Associates
ta+54_B8;urna. Nunc;Nec Ante Associates
xl+48_S1;cursus non, egestas a, dui. Cras pellentesque. Sed dictum.;Nec Ante Associates
eS4EY93;Nulla eu neque pellentesque massa lobortis ultrices. Vivamus;Pellentesque Foundation
iG6WB43;nibh. Aliquam ornare, libero;Pellentesque Foundation
o9UI4-T;sed, hendrerit a, arcu. Sed et libero. Proin mi. Aliquam;Sagittis Duis
iH9OQ28;risus odio, auctor vitae,;Pellentesque Foundation
e1II9-W;sodales at, velit. Pellentesque;Sagittis Duis
o8EE8-M;erat vel pede blandit congue.;Sagittis Duis
wd+22_C6;lorem.;Nec Ante Associates
o7AE1-I;tincidunt pede ac urna. Ut tincidunt vehicula;Sagittis Duis
uJ2DW74;Aliquam vulputate ullamcorper magna. Sed;Pellentesque Foundation
eI1YQ55;mi. Aliquam gravida mauris;Pellentesque Foundation
JK-43EAf9;odio, auctor vitae, aliquet nec, imperdiet;Primis Corporation
oZ4CN35;Proin nisl sem, consequat;Pellentesque Foundation
PE-00MOw4;Nullam suscipit, est;Primis Corporation
DO-17DBf8;et ultrices posuere cubilia Curae Phasellus ornare. Fusce;Primis Corporation
mb+23_D8;dolor;Nec Ante Associates
iU2YY28;Donec felis orci,;Pellentesque Foundation
CL-48IFb6;amet luctus;Primis Corporation
ed+74_Z3;non enim;Nec Ante Associates
o2EI7-R;et malesuada fames ac turpis egestas. Aliquam;Sagittis Duis
NU-59TBm5;sem. Pellentesque ut;Primis Corporation
PL-81NJj8;nunc sed pede.;Primis Corporation
PB-01YRc5;cursus luctus, ipsum leo elementum sem, vitae aliquam;Primis Corporation
eN3JG54;viverra. Donec tempus, lorem fringilla ornare placerat, orci;Pellentesque Foundation
i8OU3-L;ipsum. Phasellus vitae mauris sit amet lorem semper;Sagittis Duis
uI2AC49;neque. In ornare sagittis felis. Donec tempor, est ac mattis;Pellentesque Foundation
kf+16_A5;Curabitur egestas nunc sed libero.;Nec Ante Associates
iB1ND33;non, dapibus rutrum, justo. Praesent luctus. Curabitur egestas nunc;Pellentesque Foundation
aN2RC97;viverra. Donec tempus, lorem fringilla ornare placerat, orci lacus;Pellentesque Foundation
oQ5PA77;semper pretium neque. Morbi quis urna. Nunc quis arcu;Pellentesque Foundation
u5EO7-D;cursus luctus, ipsum leo elementum sem,;Sagittis Duis
TV-21CCk5;pharetra ut, pharetra sed,;Primis Corporation
BP-96PRw9;luctus et;Primis Corporation
iS7UJ31;eros. Nam consequat dolor vitae dolor. Donec fringilla. Donec feugiat;Pellentesque Foundation
kb+77_T7;Donec tempus,;Nec Ante Associates
FI-89EXb2;interdum. Curabitur dictum.;Primis Corporation
aU7SG73;eget nisi dictum augue malesuada malesuada. Integer id magna et;Pellentesque Foundation
QK-64ZTx8;Nullam enim. Sed nulla ante, iaculis nec, eleifend;Primis Corporation
WJ-80QRy9;Phasellus nulla.;Primis Corporation
oD6KG87;porttitor;Pellentesque Foundation
hb+66_P5;commodo auctor velit. Aliquam;Nec Ante Associates
qx+45_E1;nisi. Aenean eget;Nec Ante Associates
o2UO5-B;vitae odio sagittis semper. Nam tempor;Sagittis Duis
i7AU5-D;lectus, a sollicitudin orci sem eget massa. Suspendisse eleifend.;Sagittis Duis
i6UI3-Y;arcu. Curabitur ut odio vel est tempor bibendum. Donec felis;Sagittis Duis
uw+54_D8;aliquam adipiscing lacus. Ut;Nec Ante Associates
e9IO2-V;euismod est arcu ac orci.;Sagittis Duis
us+05_H6;ante. Vivamus non lorem vitae;Nec Ante Associates
iD7IE76;sapien imperdiet ornare. In faucibus. Morbi;Pellentesque Foundation
aq+81_U4;magna. Duis dignissim tempor arcu. Vestibulum ut eros;Nec Ante Associates
XL-64MTn5;nec tempus;Primis Corporation
aG2PI12;at, nisi. Cum sociis natoque penatibus;Pellentesque Foundation
ys+84_D2;semper;Nec Ante Associates
o2II5-N;neque.;Sagittis Duis
OP-38RUm8;sem semper erat, in consectetuer ipsum nunc id enim.;Primis Corporation
aQ4CI44;nascetur ridiculus mus. Proin vel nisl.;Pellentesque Foundation
sq+85_N8;mauris elit, dictum;Nec Ante Associates
KO-14CRy3;enim commodo hendrerit. Donec;Primis Corporation
NJ-32HDn2;lectus. Nullam suscipit, est ac facilisis facilisis, magna;Primis Corporation
iT7GC85;tempor arcu. Vestibulum ut eros non enim commodo hendrerit.;Pellentesque Foundation
bs+57_L2;luctus. Curabitur;Nec Ante Associates
UM-83QIn8;dui. Cras pellentesque. Sed dictum. Proin eget odio. Aliquam vulputate;Primis Corporation
oF3UF64;felis. Nulla;Pellentesque Foundation
ki+67_D3;eleifend non, dapibus rutrum,;Nec Ante Associates
oX4PJ47;nascetur ridiculus mus. Aenean eget magna. Suspendisse tristique neque venenatis;Pellentesque Foundation
nq+64_S2;lobortis mauris. Suspendisse aliquet molestie tellus. Aenean egestas hendrerit;Nec Ante Associates
TJ-63FAy6;semper pretium neque.;Primis Corporation
eQ7HO78;Aliquam erat volutpat. Nulla dignissim. Maecenas ornare egestas;Pellentesque Foundation
iR6DP45;non, feugiat nec, diam. Duis mi enim, condimentum eget,;Pellentesque Foundation
oX8GF82;Integer id magna et ipsum;Pellentesque Foundation
o8OO6-S;odio sagittis semper.;Sagittis Duis
a3EA7-A;orci, in consequat enim diam vel arcu. Curabitur;Sagittis Duis
a2IO5-W;lectus rutrum urna, nec luctus felis;Sagittis Duis
bu+71_I9;semper egestas, urna justo faucibus;Nec Ante Associates
PG-20BMu5;convallis est, vitae sodales;Primis Corporation
o6EE7-Y;enim. Etiam gravida molestie arcu. Sed eu nibh vulputate mauris;Sagittis Duis
FX-35EFm7;consequat, lectus sit amet luctus vulputate,;Primis Corporation
gn+13_H3;dui, nec tempus mauris erat eget ipsum.;Nec Ante Associates
e0UE3-X;felis orci,;Sagittis Duis
i5EO1-R;fames ac turpis egestas.;Sagittis Duis
i8AA6-T;Mauris ut quam vel sapien imperdiet ornare. In faucibus.;Sagittis Duis
DP-58PEw5;sem. Nulla interdum. Curabitur dictum. Phasellus;Primis Corporation
jk+88_V2;libero et tristique pellentesque,;Nec Ante Associates
e7EO1-Z;dignissim. Maecenas ornare egestas ligula. Nullam feugiat placerat velit.;Sagittis Duis
eN7SE76;elementum at, egestas a, scelerisque sed, sapien. Nunc;Pellentesque Foundation
oS1CL37;vitae semper egestas, urna justo faucibus lectus, a;Pellentesque Foundation
aB1TV43;sagittis. Nullam vitae diam.;Pellentesque Foundation
e7IE9-H;dapibus id, blandit at,;Sagittis Duis
i7AI6-O;justo nec ante. Maecenas mi felis, adipiscing fringilla,;Sagittis Duis
rm+46_M1;turpis egestas. Fusce aliquet magna a neque. Nullam ut;Nec Ante Associates
vv+09_H9;Phasellus in felis. Nulla tempor augue ac ipsum. Phasellus;Nec Ante Associates
oB5RT65;eu elit. Nulla facilisi. Sed;Pellentesque Foundation
VQ-88SWn2;pede sagittis;Primis Corporation
XG-19MDb8;aliquet, metus urna convallis erat, eget tincidunt dui;Primis Corporation
VW-25RIb6;Nulla tempor augue;Primis Corporation
cr+15_W8;Donec dignissim magna a tortor. Nunc commodo;Nec Ante Associates
LW-63LNl7;amet lorem semper auctor. Mauris vel turpis.;Primis Corporation
DJ-54YIc4;sit amet, dapibus;Primis Corporation
i5EU3-D;non, luctus sit;Sagittis Duis
uR3HZ85;amet, faucibus ut, nulla. Cras eu;Pellentesque Foundation
aY2KM17;odio.;Pellentesque Foundation
bm+25_D3;pellentesque a, facilisis non, bibendum sed, est.;Nec Ante Associates
oV1GL76;nibh sit amet orci. Ut sagittis lobortis mauris. Suspendisse;Pellentesque Foundation
eH1CY16;lectus. Cum sociis natoque penatibus et magnis dis parturient;Pellentesque Foundation
o8EO5-J;sed, est. Nunc laoreet lectus quis;Sagittis Duis
UX-73WGn5;at pede.;Primis Corporation
XE-81FDn2;a, magna. Lorem ipsum dolor sit amet, consectetuer adipiscing;Primis Corporation
CK-41SYe6;sem. Pellentesque ut;Primis Corporation
WY-13UNk6;sagittis. Nullam vitae diam.;Primis Corporation
oE5KF78;bibendum fermentum metus. Aenean;Pellentesque Foundation
PP-66TNl4;Donec luctus aliquet odio. Etiam ligula tortor, dictum;Primis Corporation
SO-64DNb8;Duis;Primis Corporation
uL4PY87;sem mollis dui, in;Pellentesque Foundation
o4II3-B;libero et tristique pellentesque, tellus sem mollis dui,;Sagittis Duis
i4IA2-L;ante. Maecenas mi felis, adipiscing fringilla, porttitor vulputate, posuere;Sagittis Duis
NI-62CQe4;vulputate velit eu sem. Pellentesque;Primis Corporation
i7OA2-B;Vestibulum ut;Sagittis Duis
om+57_X2;euismod urna. Nullam lobortis quam a;Nec Ante Associates
o5OU8-Q;ac urna. Ut tincidunt;Sagittis Duis
IL-27CGi4;eu dolor egestas rhoncus. Proin;Primis Corporation
sr+84_F5;consectetuer,;Nec Ante Associates
aO2NZ86;id ante dictum cursus. Nunc mauris elit, dictum;Pellentesque Foundation
e1UO4-M;Integer sem;Sagittis Duis
u9AI3-G;magna nec quam. Curabitur;Sagittis Duis
fj+03_X8;Nulla eget metus eu erat semper rutrum.;Nec Ante Associates
ye+14_R7;Nullam feugiat placerat velit. Quisque varius. Nam;Nec Ante Associates
iq+32_F6;dolor;Nec Ante Associates
EC-76WNw3;et malesuada fames ac turpis egestas. Fusce;Primis Corporation
cp+30_T5;condimentum. Donec at arcu.;Nec Ante Associates
aB5DH32;et, euismod et, commodo at, libero.;Pellentesque Foundation
aI8JT44;enim. Etiam imperdiet dictum magna. Ut;Pellentesque Foundation
eG1VC18;eget mollis lectus pede et risus.;Pellentesque Foundation
uF8CL74;Vivamus;Pellentesque Foundation
ZE-16CRv7;egestas. Fusce;Primis Corporation
VJ-33KOr8;Nam ac nulla. In tincidunt congue turpis. In;Primis Corporation
uk+38_G6;mauris sapien, cursus in, hendrerit;Nec Ante Associates
SD-69JZd2;purus. Maecenas libero est, congue a, aliquet vel,;Primis Corporation
nz+13_G2;Fusce dolor quam,;Nec Ante Associates
WM-38KVa7;interdum. Sed auctor odio a;Primis Corporation
uZ2IY38;ante lectus convallis est, vitae;Pellentesque Foundation
OS-02RVv2;Quisque ornare tortor at;Primis Corporation
eF0CE93;Donec dignissim;Pellentesque Foundation
PG-29ODq8;cursus. Integer;Primis Corporation
xh+16_Y2;pede,;Nec Ante Associates
ro+32_F5;egestas blandit. Nam;Nec Ante Associates
XY-74RPj6;at arcu. Vestibulum ante ipsum primis;Primis Corporation
iG3NS35;rutrum eu, ultrices sit;Pellentesque Foundation
ef+87_V2;at risus. Nunc ac sem ut dolor;Nec Ante Associates
KJ-31MNp8;pharetra ut,;Primis Corporation
BE-54QNb1;tortor at risus.;Primis Corporation
eQ3HK14;facilisis vitae, orci. Phasellus dapibus quam quis diam.;Pellentesque Foundation
eY4WB23;Cras sed leo.;Pellentesque Foundation
i7EE8-W;magna. Cras convallis convallis dolor. Quisque tincidunt pede;Sagittis Duis
bs+01_G7;porta elit, a feugiat;Nec Ante Associates
oB7PB36;vitae velit egestas lacinia. Sed congue, elit sed;Pellentesque Foundation
aB7EY23;vitae sodales nisi;Pellentesque Foundation
xy+83_X2;Donec dignissim magna a tortor. Nunc commodo;Nec Ante Associates
u2EU5-G;Quisque purus sapien, gravida non, sollicitudin;Sagittis Duis
ZM-51JCz2;egestas blandit. Nam nulla magna, malesuada;Primis Corporation
eq+27_G6;sagittis. Duis gravida. Praesent eu nulla at;Nec Ante Associates
be+16_M2;magna, malesuada vel, convallis in, cursus et, eros. Proin ultrices.;Nec Ante Associates
i5II5-L;Phasellus elit pede, malesuada vel,;Sagittis Duis
lg+68_U3;lorem, eget mollis lectus pede et risus. Quisque;Nec Ante Associates
u8OI1-J;lobortis. Class aptent taciti sociosqu ad;Sagittis Duis
jx+08_Z4;nec ligula consectetuer;Nec Ante Associates
BG-66ICi4;molestie orci;Primis Corporation
uX4SE84;Donec fringilla. Donec feugiat metus sit amet ante. Vivamus;Pellentesque Foundation
RJ-31JWq9;quis, pede. Suspendisse dui. Fusce diam nunc, ullamcorper eu,;Primis Corporation
DP-45CFg2;sem ut cursus luctus, ipsum leo elementum sem,;Primis Corporation
iZ3XV44;sollicitudin;Pellentesque Foundation
gf+44_F5;ipsum primis in faucibus orci luctus et ultrices;Nec Ante Associates
o4IE9-T;Mauris vel turpis. Aliquam adipiscing lobortis risus. In mi pede,;Sagittis Duis
JB-38MWp5;Integer tincidunt aliquam arcu. Aliquam ultrices;Primis Corporation
ck+78_E3;eu eros. Nam consequat dolor;Nec Ante Associates
YB-25YCd7;cursus;Primis Corporation
e5IU1-M;ligula. Nullam enim. Sed nulla ante, iaculis nec, eleifend;Sagittis Duis
AD-74YMb4;vitae, erat. Vivamus nisi. Mauris nulla. Integer;Primis Corporation
eV6XR56;Suspendisse ac metus vitae velit egestas lacinia.;Pellentesque Foundation
oO7EW54;et ipsum cursus vestibulum. Mauris magna.;Pellentesque Foundation
CE-68KZj4;dictum. Phasellus in felis. Nulla tempor augue ac ipsum.;Primis Corporation
FN-34BWm4;at, velit. Pellentesque ultricies dignissim lacus.;Primis Corporation
e8OE4-F;mollis. Phasellus libero mauris, aliquam;Sagittis Duis
uI7UB44;magna a neque. Nullam;Pellentesque Foundation
dt+82_D3;non massa non ante bibendum;Nec Ante Associates
wc+32_I1;sit amet, faucibus ut, nulla. Cras eu tellus eu;Nec Ante Associates
a5UO7-D;ornare lectus justo;Sagittis Duis
OY-64YNm2;commodo ipsum. Suspendisse non leo.;Primis Corporation
MD-33UOb6;elit, pharetra;Primis Corporation
PP-24DLq4;laoreet, libero et;Primis Corporation
UB-63RLb1;amet, risus. Donec nibh enim, gravida sit;Primis Corporation
MS-64TEt7;aliquet molestie tellus. Aenean egestas hendrerit;Primis Corporation
i5UI4-R;dui;Sagittis Duis
aI1UR73;suscipit nonummy. Fusce fermentum fermentum;Pellentesque Foundation
oO9DZ32;pretium aliquet, metus urna convallis erat, eget tincidunt dui augue;Pellentesque Foundation
e6EO5-U;tincidunt congue turpis. In condimentum. Donec at arcu.;Sagittis Duis
QX-61FKo6;consectetuer adipiscing elit. Curabitur sed tortor. Integer aliquam adipiscing lacus.;Primis Corporation
a2IO9-B;urna. Vivamus molestie dapibus ligula. Aliquam erat volutpat.;Sagittis Duis
tt+14_M6;magna, malesuada vel, convallis in, cursus et, eros. Proin ultrices.;Nec Ante Associates
XM-80MAr9;iaculis, lacus;Primis Corporation
HJ-76REh2;nunc interdum feugiat. Sed;Primis Corporation
GF-43GGg5;eget, venenatis a, magna. Lorem;Primis Corporation
i9IA4-N;Nam consequat dolor vitae dolor. Donec;Sagittis Duis
MH-29FMq3;Etiam gravida molestie arcu. Sed eu nibh;Primis Corporation
ud+07_R6;senectus et netus;Nec Ante Associates
sn+61_A8;id, blandit at, nisi. Cum sociis natoque penatibus et magnis;Nec Ante Associates
vh+27_H3;amet, consectetuer adipiscing elit. Etiam laoreet, libero;Nec Ante Associates
eH8PK85;sollicitudin orci;Pellentesque Foundation
OE-70SYi4;in consequat enim diam vel arcu.;Primis Corporation
aF7MD31;pede ac urna. Ut tincidunt vehicula;Pellentesque Foundation
i8UO1-T;imperdiet ornare. In faucibus. Morbi vehicula.;Sagittis Duis
jm+88_C3;odio, auctor vitae, aliquet nec,;Nec Ante Associates
o5EI7-V;semper rutrum. Fusce dolor quam, elementum at,;Sagittis Duis
UO-24HRh5;Vivamus molestie dapibus ligula. Aliquam erat;Primis Corporation
sc+25_K9;a tortor. Nunc;Nec Ante Associates
EH-42MVr4;quam dignissim pharetra. Nam ac nulla. In tincidunt congue;Primis Corporation
UC-71QEn5;in lobortis tellus justo sit amet nulla. Donec non;Primis Corporation
o1OE0-O;est ac mattis semper, dui lectus rutrum urna, nec;Sagittis Duis
a2IE7-M;In condimentum. Donec at;Sagittis Duis
BK-83GYc3;Curabitur vel lectus. Cum sociis natoque;Primis Corporation
uL5RO42;ligula. Aenean gravida nunc;Pellentesque Foundation
oX5NQ52;mi tempor lorem,;Pellentesque Foundation
LT-25RYq4;a nunc. In;Primis Corporation
wb+29_F9;scelerisque;Nec Ante Associates
eY7LG88;sapien,;Pellentesque Foundation
eG7LH75;pede. Nunc;Pellentesque Foundation
o3IA4-D;Nunc commodo auctor velit. Aliquam nisl. Nulla eu neque pellentesque;Sagittis Duis
yc+73_C5;non, egestas a, dui. Cras pellentesque. Sed dictum. Proin;Nec Ante Associates
nq+56_I7;ut, pellentesque eget, dictum;Nec Ante Associates
IV-85DFx2;eget metus eu;Primis Corporation
LV-23WOx5;Vestibulum ut eros non enim commodo hendrerit.;Primis Corporation
WG-65OVv7;in sodales elit;Primis Corporation
bg+53_W2;ipsum non arcu. Vivamus sit amet risus.;Nec Ante Associates
re+81_M4;egestas lacinia.;Nec Ante Associates
aI5JT87;Nunc mauris sapien, cursus in, hendrerit consectetuer, cursus;Pellentesque Foundation
oL5KG37;at, iaculis quis, pede. Praesent eu dui. Cum sociis;Pellentesque Foundation
oT1LE56;interdum. Curabitur dictum. Phasellus;Pellentesque Foundation
oA2OD46;quis accumsan convallis, ante lectus convallis est,;Pellentesque Foundation
e2OA4-A;orci quis lectus. Nullam suscipit, est;Sagittis Duis
